{"cameraMode":{"drawMode":0,"name":"Shaded","section":"Shading Mode"},"sceneLighting":true,"audioPlay":false,"sceneViewState":{"showFog":true,"showMaterialUpdate":false,"showSkybox":true,"showFlares":true,"showImageEffects":true,"showParticleSystems":true},"in2DMode":false,"pivot":{"x":-14.420310020446778,"y":25.269330978393556,"z":3.3222994804382326},"rotation":{"x":-0.2842426896095276,"y":-0.0273289754986763,"z":0.008234136737883091,"w":-0.9584220051765442},"size":0.32002121210098269,"orthographic":false}